Simpson,Frank,914-82-2707,11 Melody Point,US,Tucson,fsimpson0@vk.com
Jones,Benjamin,175-06-2034,97027 Main Terrace,US,Miami,bjones1@spotify.com
Campbell,Harry,580-75-4252,83 Namekagon Parkway,US,Minneapolis,hcampbell2@google.ru
Owens,Roy,447-32-8586,20 Shoshone Court,US,Dallas,rowens3@seesaa.net
Oliver,Tammy,854-12-4167,2321 Ridgeway Court,US,Asheville,toliver4@google.cn
Boyd,Norma,705-74-6511,4 Everett Point,US,New York City,nboyd5@globo.com
Daniels,Paul,867-81-0588,65575 Maywood Alley,US,Port Washington,pdaniels6@51.la
Boyd,Robin,162-67-8150,91194 Red Cloud Avenue,US,Tampa,rboyd7@csmonitor.com
Martin,Timothy,544-16-4184,6 Di Loreto Park,US,Tampa,tmartin8@apple.com
Walker,Angela,803-15-5700,2214 Jay Court,US,Indianapolis,awalker9@tinyurl.com
Hayes,Joe,539-32-0697,6 Macpherson Way,US,Memphis,jhayesa@independent.co.uk
Walker,Annie,180-79-5741,7 Bay Court,US,Wilmington,awalkerb@naver.com
Reid,Richard,791-38-7422,72987 Vera Avenue,US,Pittsburgh,rreidc@seattletimes.com
James,Michelle,453-29-8949,838 Myrtle Pass,US,Chicago,mjamesd@google.es
Bishop,Sean,253-27-5378,9537 Lillian Street,US,Mobile,sbishope@opera.com
West,Linda,666-71-0112,87064 Northwestern Road,US,Phoenix,lwestf@cyberchimps.com
Edwards,Craig,108-15-8420,5 Debs Plaza,US,Hollywood,cedwardsg@youtu.be
Morgan,Keith,978-42-8480,980 Laurel Avenue,US,Greensboro,kmorganh@gov.uk
Bradley,Deborah,417-63-3793,55246 Sycamore Lane,US,Saint Paul,dbradleyi@ifeng.com
Butler,Ann,933-36-2679,61 Grasskamp Park,US,New York City,abutlerj@utexas.edu
Lewis,Judy,505-13-5206,0228 Summer Ridge Avenue,US,Louisville,jlewisk@weather.com
Grant,Bruce,745-18-9954,21412 Rieder Junction,US,Pinellas Park,bgrantl@imdb.com
Price,Kathy,525-33-5107,6 Monica Park,US,Anaheim,kpricem@list-manage.com
Kelly,Marie,380-84-6497,181 Meadow Vale Plaza,US,Los Angeles,mkellyn@skyrock.com
Chavez,Paula,242-89-6201,8 Mccormick Parkway,US,Salt Lake City,pchavezo@shop-pro.jp
Dunn,Antonio,394-26-1884,09 Delladonna Hill,US,Huntington,adunnp@admin.ch
Wagner,Phillip,861-13-3180,4964 Grasskamp Parkway,US,Iowa City,pwagnerq@bloglovin.com
Perez,Kenneth,838-19-5085,01 Iowa Avenue,US,Knoxville,kperezr@bloomberg.com
West,Jane,719-04-1746,049 Delaware Way,US,Fresno,jwests@japanpost.jp
Russell,Willie,611-14-1228,56314 Browning Road,US,Lincoln,wrussellt@mlb.com
Roberts,Randy,838-83-3538,089 Sundown Point,US,Saint Joseph,rrobertsu@soundcloud.com
Willis,Juan,394-67-0577,528 Everett Road,US,Fort Worth,jwillisv@51.la
Howard,Jerry,670-17-3662,52 Kenwood Parkway,US,San Diego,jhowardw@4shared.com
Hicks,Wanda,223-52-3313,18 Hazelcrest Court,US,Waco,whicksx@github.com
Ramos,Daniel,136-76-5338,2 Arapahoe Avenue,US,Phoenix,dramosy@shareasale.com
Phillips,Louis,273-30-0028,4233 Bartillon Crossing,US,Houston,lphillipsz@state.gov
Grant,Tammy,405-67-1873,6 Truax Park,US,Norfolk,tgrant10@guardian.co.uk
Edwards,Ralph,740-16-3919,550 Hintze Junction,US,El Paso,redwards11@behance.net
Holmes,Betty,587-98-1482,02 Eliot Alley,US,Dallas,bholmes12@acquirethisname.com
Reed,Donald,831-64-2804,0 Banding Road,US,Amarillo,dreed13@cnn.com
Webb,James,935-72-0814,5675 Mccormick Center,US,Silver Spring,jwebb14@newyorker.com
Kelley,Christine,504-97-8511,82 Dovetail Alley,US,Van Nuys,ckelley15@is.gd
Frazier,Helen,577-61-9104,64575 Lakeland Terrace,US,Long Beach,hfrazier16@berkeley.edu
Henry,Gary,856-80-2601,339 Alpine Trail,US,Denver,ghenry17@unblog.fr
Berry,Susan,618-51-7281,6968 Forest Dale Way,US,Los Angeles,sberry18@uiuc.edu
Peters,Evelyn,300-21-6525,008 Anthes Terrace,US,Jacksonville,epeters19@nps.gov
Medina,Jason,663-65-3282,763 Russell Court,US,Washington,jmedina1a@sitemeter.com
Kelley,Nicole,420-97-0615,14 Stephen Avenue,US,Miami,nkelley1b@angelfire.com
Morris,Bonnie,904-60-9827,7 Clarendon Pass,US,Pensacola,bmorris1c@example.com
Sims,Annie,449-23-3241,783 Hintze Lane,US,Washington,asims1d@wordpress.com
Carpenter,Carolyn,456-95-6250,999 Golf Course Road,US,Reno,ccarpenter1e@wired.com
Bailey,Raymond,345-38-7194,57 Graceland Pass,US,Punta Gorda,rbailey1f@fda.gov
Franklin,Melissa,193-72-5587,233 Lake View Point,US,Denton,mfranklin1g@foxnews.com
Spencer,Kelly,886-07-6942,20794 Jenifer Center,US,Orlando,kspencer1h@icq.com
Lawson,Arthur,941-94-6834,2838 Haas Alley,US,Charlotte,alawson1i@free.fr
Burke,Albert,257-35-7892,32152 Prairieview Avenue,US,Houston,aburke1j@tripod.com
Gonzales,Harry,441-28-8468,6961 Milwaukee Center,US,Richmond,hgonzales1k@t-online.de
Andrews,Debra,774-14-0564,1 Eliot Park,US,Whittier,dandrews1l@tinypic.com
Murphy,Donna,581-49-3201,75003 Caliangt Plaza,US,Chicago,dmurphy1m@wired.com
Richardson,Jack,587-00-4638,3672 Lillian Way,US,Alexandria,jrichardson1n@surveymonkey.com
Fernandez,Jimmy,458-25-2721,5113 Ridgeview Plaza,US,San Jose,jfernandez1o@qq.com
Mitchell,Steven,962-05-1132,115 Grim Trail,US,Pueblo,smitchell1p@icio.us
Griffin,Adam,496-70-0540,7 Duke Place,US,Whittier,agriffin1q@cnn.com
Carroll,Kelly,402-72-1144,92 Westend Center,US,Tuscaloosa,kcarroll1r@cam.ac.uk
Smith,Jennifer,433-88-0405,4243 Manitowish Road,US,San Antonio,jsmith1s@freewebs.com
Richardson,Janice,948-26-5443,90 Hauk Center,US,Atlanta,jrichardson1t@va.gov
Carr,Steve,762-75-2512,1 Dawn Plaza,US,Frankfort,scarr1u@smh.com.au
Andrews,Albert,628-45-9525,56054 Steensland Alley,US,Memphis,aandrews1v@reverbnation.com
Fuller,Johnny,901-52-0379,8 Transport Drive,US,Saint Louis,jfuller1w@i2i.jp
Russell,Norma,953-38-6976,79611 Mariners Cove Plaza,US,Orlando,nrussell1x@chronoengine.com
Turner,Debra,292-72-5745,20478 Helena Way,US,Hartford,dturner1y@sourceforge.net
Lane,Louis,666-65-8791,8 Milwaukee Circle,US,San Jose,llane1z@twitter.com
Lawson,Keith,529-17-3144,1174 Hintze Road,US,Colorado Springs,klawson20@altervista.org
Young,Christine,478-95-0424,1292 Erie Road,US,Kansas City,cyoung21@examiner.com
Hicks,Sara,345-16-4884,42419 Sunfield Plaza,US,Greensboro,shicks22@imageshack.us
Kennedy,Willie,537-19-4972,267 Reindahl Alley,US,Bradenton,wkennedy23@virginia.edu
Pierce,Amanda,828-52-3338,6094 Glendale Hill,US,Louisville,apierce24@blogger.com
Brown,Charles,677-17-4734,23 Carpenter Alley,US,Oklahoma City,cbrown25@imgur.com
Bailey,Ann,132-79-2985,204 Fremont Pass,US,Detroit,abailey26@imgur.com
Fowler,Howard,299-02-1160,223 Fair Oaks Plaza,US,Sparks,hfowler27@w3.org
Day,Jean,778-24-5892,0926 Pearson Drive,US,Norfolk,jday28@weibo.com
Kennedy,Michael,493-81-4050,9472 Village Green Circle,US,Bryan,mkennedy29@paginegialle.it
Montgomery,Justin,966-28-4685,677 Cascade Terrace,US,Sacramento,jmontgomery2a@forbes.com
Black,Richard,901-28-1606,39126 Portage Terrace,US,Tallahassee,rblack2b@earthlink.net
Williamson,Stephanie,830-98-2060,17136 Bayside Road,US,Rochester,swilliamson2c@youtu.be
Howell,Karen,192-36-2199,0244 Autumn Leaf Park,US,Oklahoma City,khowell2d@tinyurl.com
King,Lori,243-93-1011,1957 Blue Bill Park Circle,US,Atlanta,lking2e@mit.edu
Carter,Justin,890-84-1555,747 Hauk Lane,US,Boston,jcarter2f@shinystat.com
Woods,Gary,754-67-7598,69 Spohn Pass,US,Schaumburg,gwoods2g@ning.com
Gonzalez,Samuel,377-02-5702,54 Pierstorff Pass,US,Saint Augustine,sgonzalez2h@technorati.com
Oliver,Angela,293-17-9870,21455 Hollow Ridge Junction,US,New York City,aoliver2i@netscape.com
Hernandez,Victor,751-09-2975,6 Fairfield Street,US,Washington,vhernandez2j@livejournal.com
Weaver,Victor,508-18-0519,1095 Merrick Avenue,US,San Diego,vweaver2k@narod.ru
Sanders,Jacqueline,162-75-2897,21817 Mifflin Court,US,Garland,jsanders2l@jiathis.com
Ross,Brian,195-17-7729,9341 Troy Place,US,Miami,bross2m@oracle.com
Hall,Harry,899-63-8648,7144 5th Circle,US,Saint Joseph,hhall2n@google.nl
Harvey,Cynthia,115-88-3742,94 Katie Center,US,Memphis,charvey2o@google.pl
Burns,Sharon,802-60-0246,3 Scott Hill,US,Providence,sburns2p@yelp.com
Green,Johnny,740-71-9666,6568 Glacier Hill Way,US,Clearwater,jgreen2q@google.co.jp
Rice,Christina,284-01-3551,3818 Briar Crest Court,US,Fort Pierce,crice2r@tiny.cc
